instancia,q-medio,q-desvio,tempo,alfa,mutacao,filhos
Western Sahara,40963,2276.3,52.200868484,5,5,5
Western Sahara,41454,1442.4,52.20114529399999,10,5,5
Western Sahara,41184,1036.39,52.20098944399999,15,5,5
Western Sahara,40955,2104.35,52.200988424,20,5,5
Western Sahara,40748,1824.23,52.20103460399997,80,5,5
Western Sahara,40433,1568.92,52.20088141399998,85,5,5
Western Sahara,40354,1130.39,52.200945942999965,90,5,5
Western Sahara,39989,2390.83,52.20115454400002,5,5,10
Western Sahara,40084,1657.67,52.20090049200002,10,5,10
Western Sahara,40555,1706.26,52.20128356399999,15,5,10
Western Sahara,40695,1264.43,52.20092831399995,20,5,10
Western Sahara,39368,1630.39,52.20083115399996,80,5,10
Western Sahara,40533,1512.5,52.200944733999904,85,5,10
Western Sahara,40820,2031.47,52.200817782999934,90,5,10
Western Sahara,40411,2368.66,52.201079263999986,5,5,15
Western Sahara,40910,1510.71,52.20095338400006,10,5,15
Western Sahara,40693,1900.84,52.20094034300007,15,5,15
Western Sahara,41794,1388.43,52.20118615299998,20,5,15
Western Sahara,41168,1136.42,52.20075720300008,80,5,15
Western Sahara,40576,1717.23,52.20108532300003,85,5,15
Western Sahara,40941,1808.07,52.20096399399995,90,5,15
Western Sahara,41083,1510.51,52.20079596400001,5,5,20
Western Sahara,40822,1672.14,52.20086969399995,10,5,20
Western Sahara,40073,1506.86,52.20094775200005,15,5,20
Western Sahara,41274,1701.49,52.20080677400006,20,5,20
Western Sahara,41992,1577.85,52.20088008200014,80,5,20
Western Sahara,39997,1542.62,52.20067155299989,85,5,20
Western Sahara,40721,1950.41,52.20106514400004,90,5,20
Western Sahara,89724,7231.13,52.20080983400021,5,5,85
Western Sahara,92412,6149.7,52.20086467300007,10,5,85
Western Sahara,94443,6558.24,52.20078899400005,15,5,85
Western Sahara,95485,3787.32,52.200911124000186,20,5,85
Western Sahara,92964,7113.48,52.20088564299999,80,5,85
Western Sahara,93503,6819.03,52.20102875400016,85,5,85
Western Sahara,92285,7287.17,52.20092193300002,90,5,85
Western Sahara,91676,6349.97,52.20096481299993,5,5,90
Western Sahara,90461,5551.54,52.20136480499991,10,5,90
Western Sahara,91128,8238.78,52.20103827300022,15,5,90
Western Sahara,96925,6268.32,52.20101111300005,20,5,90
Western Sahara,91702,8572.74,52.20105171399996,80,5,90
Western Sahara,93855,8609.09,52.200751674,85,5,90
Western Sahara,93473,6066.88,52.20097348399986,90,5,90
Western Sahara,93093,5642.34,52.20101321400034,5,5,95
Western Sahara,94821,6409.13,52.20106381400001,10,5,95
Western Sahara,90390,6815.62,52.20089473300004,15,5,95
Western Sahara,89218,7644.06,52.20098390400017,20,5,95
Western Sahara,92274,4718.52,52.2009613729997,80,5,95
Western Sahara,91636,8059.11,52.20108734199994,85,5,95
Western Sahara,95150,7562.32,52.20095795399993,90,5,95
Western Sahara,93333,6767.6,52.20084533299996,5,5,100
Western Sahara,92841,5889.35,52.20091064300004,10,5,100
Western Sahara,89395,7080.17,52.200926772,15,5,100
Western Sahara,93160,8052.54,52.200964183999986,20,5,100
Western Sahara,91037,8057.35,52.20104285400021,80,5,100
Western Sahara,91241,6658.52,52.20104801400021,85,5,100
Western Sahara,92735,10264.15,52.20107441400023,90,5,100
Western Sahara,40332,2675.27,52.20095979400003,5,10,5
Western Sahara,39956,1919.95,52.20083799399981,10,10,5
Western Sahara,39855,2213.17,52.20098496400033,15,10,5
Western Sahara,40678,2077.72,52.20096016399975,20,10,5
Western Sahara,40811,1213.13,52.20084393299976,80,10,5
Western Sahara,40791,2153.47,52.20093908299987,85,10,5
Western Sahara,40036,1677.35,52.20092948399997,90,10,5
Western Sahara,40629,1409.86,52.20103852400007,5,10,10
Western Sahara,41791,1639.84,52.20092742499992,10,10,10
Western Sahara,40311,1590.74,52.201006822999716,15,10,10
Western Sahara,41087,1114.97,52.20097391399986,20,10,10
Western Sahara,41821,870.97,52.20104165399971,80,10,10
Western Sahara,39710,2535.72,52.20110821399976,85,10,10
Western Sahara,41300,2079.57,52.20116224200001,90,10,10
Western Sahara,38964,2021.86,52.200992011999915,5,10,15
Western Sahara,41701,1504.42,52.20083277399999,10,10,15
Western Sahara,41964,1017.79,52.201077813999746,15,10,15
Western Sahara,41087,2105.61,52.200973433999934,20,10,15
Western Sahara,41501,1782.39,52.200973054000315,80,10,15
Western Sahara,40000,2412.15,52.20105101399986,85,10,15
Western Sahara,40624,1957.69,52.20103578399994,90,10,15
Western Sahara,39966,1734.74,52.20087370300007,5,10,20
Western Sahara,40449,1856.87,52.200740324000435,10,10,20
Western Sahara,41233,1331.37,52.201152243999786,15,10,20
Western Sahara,40495,1862.57,52.20101375399918,20,10,20
Western Sahara,41324,1735.11,52.2011338530001,80,10,20
Western Sahara,40983,1792.86,52.201074261999565,85,10,20
Western Sahara,41006,1813.33,52.20113357399987,90,10,20
Western Sahara,87675,9123.36,52.200772703999974,5,10,85
Western Sahara,96722,4528.21,52.20077380299972,10,10,85
Western Sahara,92265,4721.0,52.20095431399932,15,10,85
Western Sahara,93535,4550.04,52.20097107299989,20,10,85
Western Sahara,92424,7215.86,52.20077058300012,80,10,85
Western Sahara,89532,9958.36,52.20099380400006,85,10,85
Western Sahara,92235,7790.99,52.20080632400004,90,10,85
Western Sahara,86426,9576.22,52.201139224000144,5,10,90
Western Sahara,88151,7823.12,52.20085615199969,10,10,90
Western Sahara,93209,4374.7,52.20076151300054,15,10,90
Western Sahara,93840,3697.49,52.20103295399986,20,10,90
Western Sahara,92469,7045.9,52.2008613629996,80,10,90
Western Sahara,93376,4743.44,52.201271975000054,85,10,90
Western Sahara,91866,8044.68,52.20090144400001,90,10,90
Western Sahara,92908,5807.12,52.201018273000045,5,10,95
Western Sahara,90866,6114.49,52.20084408399998,10,10,95
Western Sahara,95247,3759.71,52.20111387399993,15,10,95
Western Sahara,93682,8712.65,52.20088967399988,20,10,95
Western Sahara,93138,4758.4,52.20113101300012,80,10,95
Western Sahara,92552,3230.06,52.20111936400008,85,10,95
Western Sahara,93993,9053.25,52.2011187549997,90,10,95
Western Sahara,94068,7468.14,52.20109290399978,5,10,100
Western Sahara,90863,7608.73,52.20087099200009,10,10,100
Western Sahara,93100,4101.2,52.20113427400065,15,10,100
Western Sahara,95325,5734.09,52.20106143199973,20,10,100
Western Sahara,92317,5932.8,52.200690312000006,80,10,100
Western Sahara,91489,7661.85,52.20112361500014,85,10,100
Western Sahara,94669,6483.09,52.20091820400012,90,10,100
Western Sahara,41312,2433.56,52.200893073999396,5,15,5
Western Sahara,41381,1753.13,52.20089204300075,10,15,5
Western Sahara,40871,1631.99,52.20099805399968,15,15,5
Western Sahara,41129,2339.31,52.20108852300018,20,15,5
Western Sahara,41104,1114.79,52.20091635300014,80,15,5
Western Sahara,39841,2767.67,52.200815875000444,85,15,5
Western Sahara,40440,2566.91,52.200795902999744,90,15,5
Western Sahara,40955,1997.46,52.20083417499973,5,15,10
Western Sahara,39776,1425.61,52.20085709399973,10,15,10
Western Sahara,41381,1515.94,52.20090898499984,15,15,10
Western Sahara,40326,1696.72,52.200995573,20,15,10
Western Sahara,40427,1408.85,52.20082528399962,80,15,10
Western Sahara,40709,1264.46,52.201168285000676,85,15,10
Western Sahara,40557,1500.48,52.20085010300045,90,15,10
Western Sahara,40420,1379.4,52.20090932400035,5,15,15
Western Sahara,40711,1941.23,52.200803884999914,10,15,15
Western Sahara,41504,1733.89,52.200677513999835,15,15,15
Western Sahara,41426,1617.88,52.20113437500004,20,15,15
Western Sahara,40336,1535.26,52.20101471199996,80,15,15
Western Sahara,40347,1215.1,52.20098431399947,85,15,15
Western Sahara,40832,1763.36,52.20096386200021,90,15,15
Western Sahara,39819,2281.67,52.201017604999834,5,15,20
Western Sahara,39430,2339.51,52.20107366499997,10,15,20
Western Sahara,39875,1606.22,52.200777451999784,15,15,20
Western Sahara,40717,1474.91,52.20094502399934,20,15,20
Western Sahara,40599,1302.45,52.200939962999655,80,15,20
Western Sahara,41065,1220.96,52.20123497399982,85,15,20
Western Sahara,41760,1431.46,52.20103973200003,90,15,20
Western Sahara,89489,8670.43,52.201215123999646,5,15,85
Western Sahara,89193,7793.96,52.20099328499964,10,15,85
Western Sahara,93358,6243.44,52.20105336300003,15,15,85
Western Sahara,95080,8381.45,52.20101124299981,20,15,85
Western Sahara,89449,5672.0,52.20104372300011,80,15,85
Western Sahara,91420,7314.21,52.20106123400001,85,15,85
Western Sahara,88214,8032.74,52.20111045399972,90,15,85
Western Sahara,92090,6166.57,52.20089029300016,5,15,90
Western Sahara,91074,7759.82,52.20070564300022,10,15,90
Western Sahara,92707,4885.28,52.20087551400047,15,15,90
Western Sahara,91753,6232.09,52.20102276200032,20,15,90
Western Sahara,92902,6786.22,52.20094836200042,80,15,90
Western Sahara,93648,6583.16,52.201011514999664,85,15,90
Western Sahara,90395,9474.27,52.201059234999775,90,15,90
Western Sahara,88944,8065.67,52.200917983999716,5,15,95
Western Sahara,94132,7305.15,52.2011025339998,10,15,95
Western Sahara,93728,7619.11,52.20108270399942,15,15,95
Western Sahara,92426,6037.13,52.200686213000154,20,15,95
Western Sahara,93341,4828.08,52.20078938500046,80,15,95
Western Sahara,93662,8696.31,52.20096607300002,85,15,95
Western Sahara,94237,5571.68,52.20108187199912,90,15,95
Western Sahara,92270,5646.24,52.200765743000375,5,15,100
Western Sahara,88723,5456.91,52.20095045499875,10,15,100
Western Sahara,95897,4882.59,52.20108717200128,15,15,100
Western Sahara,89903,5807.39,52.20120161600062,20,15,100
Western Sahara,87329,7283.2,52.201158803998624,80,15,100
Western Sahara,99265,7080.1,52.20099023399962,85,15,100
Western Sahara,92190,5215.5,52.20117383200159,90,15,100
Western Sahara,40816,1425.9,52.20094183400033,5,20,5
Western Sahara,41258,1557.65,52.20094379500006,10,20,5
Western Sahara,40157,1485.8,52.200842950998776,15,20,5
Western Sahara,41164,1615.63,52.20074848500008,20,20,5
Western Sahara,40632,1468.24,52.20092535099866,80,20,5
Western Sahara,41417,1295.63,52.200848610998946,85,20,5
Western Sahara,40600,1984.71,52.20109688499906,90,20,5
Western Sahara,40800,2000.99,52.20113334300004,5,20,10
Western Sahara,41347,1539.45,52.20098657299968,10,20,10
Western Sahara,40312,1964.57,52.201010152999515,15,20,10
Western Sahara,40699,1983.79,52.20092688299883,20,20,10
Western Sahara,40704,1712.28,52.20094669399987,80,20,10
Western Sahara,41038,1591.01,52.20095168199987,85,20,10
Western Sahara,39751,2044.94,52.2009138500016,90,20,10
Western Sahara,40205,1272.92,52.201006254001186,5,20,15
Western Sahara,39698,1993.83,52.20096024399936,10,20,15
Western Sahara,41309,1791.97,52.200798513000336,15,20,15
Western Sahara,40331,2522.8,52.20111971199913,20,20,15
Western Sahara,41166,1478.6,52.20081696200032,80,20,15
Western Sahara,41164,1959.87,52.20123968400003,85,20,15
Western Sahara,41266,1656.12,52.20097119499951,90,20,15
Western Sahara,39522,1964.41,52.20094110399987,5,20,20
Western Sahara,40700,1022.72,52.20094822399915,10,20,20
Western Sahara,41309,1198.94,52.20086538299984,15,20,20
Western Sahara,40962,2346.09,52.20108740499927,20,20,20
Western Sahara,40694,1326.33,52.2009839429993,80,20,20
Western Sahara,40748,1780.73,52.200791703000505,85,20,20
Western Sahara,40486,2151.95,52.200815373000296,90,20,20
Western Sahara,94714,3140.27,52.20091317200058,5,20,85
Western Sahara,86291,7005.64,52.20112222199896,10,20,85
Western Sahara,91333,10936.03,52.20102468500045,15,20,85
Western Sahara,90863,5379.23,52.20111237399942,20,20,85
Western Sahara,94076,5624.46,52.20119069199973,80,20,85
Western Sahara,92326,10142.77,52.20102100499935,85,20,85
Western Sahara,88827,6837.61,52.20087759299895,90,20,85
Western Sahara,96035,7715.45,52.20100673500019,5,20,90
Western Sahara,89146,7103.87,52.20107654200001,10,20,90
Western Sahara,91987,6479.26,52.201247654000326,15,20,90
Western Sahara,92205,8964.91,52.20095909400152,20,20,90
Western Sahara,95034,7453.78,52.201036214999476,80,20,90
Western Sahara,91556,5220.22,52.20096352300061,85,20,90
Western Sahara,94695,7774.79,52.201075713001046,90,20,90
Western Sahara,93994,6762.62,52.20112053400044,5,20,95
Western Sahara,95102,5232.88,52.20085062399994,10,20,95
Western Sahara,89721,6362.28,52.20086058400011,15,20,95
Western Sahara,95682,6783.19,52.20065043300019,20,20,95
Western Sahara,94234,4604.03,52.20105745299952,80,20,95
Western Sahara,89943,5577.28,52.200839913999516,85,20,95
Western Sahara,93970,6630.03,52.20095953300006,90,20,95
Western Sahara,90072,7724.02,52.20126274500035,5,20,100
Western Sahara,88199,6997.41,52.20114086400099,10,20,100
Western Sahara,86855,5098.26,52.20125259499946,15,20,100
Western Sahara,93986,9556.65,52.20112949400027,20,20,100
Western Sahara,92488,4734.81,52.201198324999496,80,20,100
Western Sahara,88838,7926.13,52.200997252999514,85,20,100
Western Sahara,90056,8798.45,52.201078494001194,90,20,100
Western Sahara,39582,1734.55,52.20088675399893,5,80,5
Western Sahara,39548,2111.51,52.20097209400046,10,80,5
Western Sahara,40278,2588.19,52.20091812199826,15,80,5
Western Sahara,39290,2236.44,52.201081032999355,20,80,5
Western Sahara,38937,2889.43,52.200935162998576,80,80,5
Western Sahara,40082,1232.89,52.201019094,85,80,5
Western Sahara,40237,1748.46,52.20083228399926,90,80,5
Western Sahara,40431,1986.2,52.201053773998865,5,80,10
Western Sahara,39240,1426.56,52.20110825399934,10,80,10
Western Sahara,40048,2323.38,52.20099023500006,15,80,10
Western Sahara,40052,2009.69,52.20089423299942,20,80,10
Western Sahara,40111,2219.49,52.20073771399984,80,80,10
Western Sahara,39972,2575.07,52.20086678400003,85,80,10
Western Sahara,40035,1682.41,52.20116574399981,90,80,10
Western Sahara,41060,1809.95,52.20109508400128,5,80,15
Western Sahara,39578,1706.5,52.201009473999875,10,80,15
Western Sahara,41182,1603.14,52.20090874299967,15,80,15
Western Sahara,39080,2487.26,52.20107727300092,20,80,15
Western Sahara,40903,1914.56,52.20059087399932,80,80,15
Western Sahara,40176,2350.12,52.201076663001004,85,80,15
Western Sahara,39630,2280.78,52.200844201999644,90,80,15
Western Sahara,37348,2529.98,52.201207194000744,5,80,20
Western Sahara,35897,2761.09,52.20093503299904,10,80,20
Western Sahara,37693,2757.54,52.20092245400156,15,80,20
Western Sahara,38299,2619.29,52.20116799399875,20,80,20
Western Sahara,36217,2478.36,52.20094990400139,80,80,20
Western Sahara,36675,1681.53,52.201137723999636,85,80,20
Western Sahara,36040,2811.47,52.2007013629991,90,80,20
Western Sahara,86738,7143.1,52.20101667400013,5,80,85
Western Sahara,92924,7388.97,52.20105128399882,10,80,85
Western Sahara,85376,4486.94,52.20081561299958,15,80,85
Western Sahara,92523,7300.26,52.20089590399948,20,80,85
Western Sahara,93656,7610.95,52.20122258399897,80,80,85
Western Sahara,86956,6196.02,52.20098144300027,85,80,85
Western Sahara,89356,4795.03,52.2008875219999,90,80,85
Western Sahara,96603,4859.91,52.20080453400078,5,80,90
Western Sahara,91040,9545.65,52.20110423400001,10,80,90
Western Sahara,92768,2939.81,52.201100274000055,15,80,90
Western Sahara,92645,7647.05,52.20073045299978,20,80,90
Western Sahara,89970,4624.78,52.20093788400118,80,80,90
Western Sahara,93504,3936.83,52.20079871300004,85,80,90
Western Sahara,93583,6550.18,52.20091708400105,90,80,90
Western Sahara,90790,5534.85,52.2010427339992,5,80,95
Western Sahara,93532,9540.45,52.20097787300074,10,80,95
Western Sahara,94149,3271.21,52.20089863400062,15,80,95
Western Sahara,92131,9900.48,52.20101325399992,20,80,95
Western Sahara,95071,5523.07,52.20100347299922,80,80,95
Western Sahara,94479,6601.46,52.200997252999514,85,80,95
Western Sahara,91898,7596.96,52.201262213999144,90,80,95
Western Sahara,91335,6255.08,52.20103382399975,5,80,100
Western Sahara,95261,7014.37,52.201201773999856,10,80,100
Western Sahara,93597,8333.98,52.20089649399961,15,80,100
Western Sahara,93152,6948.42,52.2009984439992,20,80,100
Western Sahara,89868,6777.67,52.20119274300123,80,80,100
Western Sahara,92841,5298.17,52.20097021299989,85,80,100
Western Sahara,92615,7195.94,52.20110756400027,90,80,100
Western Sahara,37285,2007.81,52.20088162400134,5,85,5
Western Sahara,36256,2359.28,52.20105014300134,10,85,5
Western Sahara,38649,2261.99,52.20084823400066,15,85,5
Western Sahara,36957,2113.21,52.200895104000665,20,85,5
Western Sahara,36610,3760.14,52.200698823000494,80,85,5
Western Sahara,37625,2374.44,52.20099719400059,85,85,5
Western Sahara,37819,2707.28,52.20092410400139,90,85,5
Western Sahara,36757,1562.96,52.201036373000534,5,85,10
Western Sahara,37059,2308.87,52.20109024299927,10,85,10
Western Sahara,37261,2754.94,52.201091844000985,15,85,10
Western Sahara,36903,3050.32,52.201020294000045,20,85,10
Western Sahara,37070,3150.28,52.201130894000016,80,85,10
Western Sahara,36124,1928.65,52.20058408299883,85,85,10
Western Sahara,38444,2542.54,52.20108731399887,90,85,10
Western Sahara,38545,3304.69,52.20095672299976,5,85,15
Western Sahara,37508,2416.68,52.20075465300033,10,85,15
Western Sahara,36841,2907.55,52.200873804000366,15,85,15
Western Sahara,35796,3110.53,52.20112320299995,20,85,15
Western Sahara,35684,2531.24,52.201114473000416,80,85,15
Western Sahara,36479,2208.74,52.20097474300019,85,85,15
Western Sahara,37735,2379.12,52.201065193999966,90,85,15
Western Sahara,36414,2609.06,52.20098692399915,5,85,20
Western Sahara,36699,2947.43,52.201141982999616,10,85,20
Western Sahara,35542,2474.57,52.200886942999205,15,85,20
Western Sahara,37022,3171.04,52.20095835400025,20,85,20
Western Sahara,36294,2580.6,52.20104166400051,80,85,20
Western Sahara,36410,2542.89,52.20109513399984,85,85,20
Western Sahara,36105,2225.04,52.201230124001086,90,85,20
Western Sahara,94650,5627.41,52.20108615299978,5,85,85
Western Sahara,94179,6508.85,52.20095644399953,10,85,85
Western Sahara,93552,4637.7,52.20103533400106,15,85,85
Western Sahara,92347,6321.12,52.20106038400081,20,85,85
Western Sahara,93645,5374.94,52.20095442300044,80,85,85
Western Sahara,92204,7882.01,52.20079486299983,85,85,85
Western Sahara,91734,6207.93,52.20077795400357,90,85,85
Western Sahara,92990,6532.59,52.201007603001926,5,85,90
Western Sahara,90857,7372.24,52.20079080399955,10,85,90
Western Sahara,94165,6358.7,52.20123412299654,15,85,90
Western Sahara,92994,9935.06,52.20115915400311,20,85,90
Western Sahara,92916,10541.93,52.2009986339981,80,85,90
Western Sahara,95270,9135.15,52.20097247299782,85,85,90
Western Sahara,92495,5904.1,52.20124352399944,90,85,90
Western Sahara,91708,9224.59,52.2010180340003,5,85,95
Western Sahara,94530,8113.4,52.20107669400022,10,85,95
Western Sahara,87937,6181.23,52.200691373000154,15,85,95
Western Sahara,89859,6948.79,52.20095658399805,20,85,95
Western Sahara,95137,7588.67,52.20109410399891,80,85,95
Western Sahara,91399,5638.78,52.20092456299972,85,85,95
Western Sahara,89958,4269.94,52.200883192999754,90,85,95
Western Sahara,93226,7713.74,52.20112937399972,5,85,100
Western Sahara,93859,5653.37,52.20082838400049,10,85,100
Western Sahara,92799,5678.47,52.2012115840007,15,85,100
Western Sahara,90201,6132.42,52.200937762998365,20,85,100
Western Sahara,90868,6626.84,52.2009399339986,80,85,100
Western Sahara,94663,6435.7,52.20095438399949,85,85,100
Western Sahara,94408,4915.57,52.201061453000875,90,85,100
Western Sahara,38739,2263.65,52.20090708299904,5,90,5
Western Sahara,38718,1503.54,52.20095508400118,10,90,5
Western Sahara,37732,2969.6,52.20109080399925,15,90,5
Western Sahara,35072,2728.44,52.20092055299756,20,90,5
Western Sahara,37671,2555.18,52.200917694000964,80,90,5
Western Sahara,36903,2937.25,52.20084273400062,85,90,5
Western Sahara,38510,2420.79,52.20084169300026,90,90,5
Western Sahara,37479,3392.63,52.20103295399895,5,90,10
Western Sahara,37206,3289.07,52.20103380400178,10,90,10
Western Sahara,38207,3818.7,52.201170084001205,15,90,10
Western Sahara,37762,3058.02,52.20100499300315,20,90,10
Western Sahara,38829,2666.97,52.20073494399912,80,90,10
Western Sahara,39896,2542.74,52.20093334400008,85,90,10
Western Sahara,36314,3163.6,52.201169553998625,90,90,10
Western Sahara,38625,1486.99,52.201232293999055,5,90,15
Western Sahara,38241,2018.3,52.20099886300159,10,90,15
Western Sahara,36411,3105.86,52.20107793399802,15,90,15
Western Sahara,36480,2311.27,52.20099637400199,20,90,15
Western Sahara,38613,2314.16,52.200860334000026,80,90,15
Western Sahara,37695,1751.53,52.201001362998795,85,90,15
Western Sahara,37162,3608.15,52.20112681300088,90,90,15
Western Sahara,36293,2520.67,52.20083573399825,5,90,20
Western Sahara,37464,3568.33,52.2009934839989,10,90,20
Western Sahara,34838,1963.57,52.201155143000506,15,90,20
Western Sahara,35223,2893.53,52.201060782997956,20,90,20
Western Sahara,36384,2470.97,52.20094450399847,80,90,20
Western Sahara,37181,1953.82,52.20094110300124,85,90,20
Western Sahara,36398,1813.04,52.200903472999926,90,90,20
Western Sahara,91135,5186.98,52.20081444400057,5,90,85
Western Sahara,92108,7308.8,52.20126329299819,10,90,85
Western Sahara,90870,6288.71,52.201154972997756,15,90,85
Western Sahara,91068,7865.06,52.20083868399888,20,90,85
Western Sahara,93383,6061.15,52.20101387400064,80,90,85
Western Sahara,99025,5802.06,52.20103290299812,85,90,85
Western Sahara,90435,8459.77,52.20098143300129,90,90,85
Western Sahara,92955,6913.85,52.201043034001486,5,90,90
Western Sahara,95304,7258.94,52.20115070399697,10,90,90
Western Sahara,91855,7106.6,52.20084606299861,15,90,90
Western Sahara,92055,7712.72,52.200705073999416,20,90,90
Western Sahara,88289,7259.1,52.20070022299842,80,90,90
Western Sahara,91435,9423.31,52.201179324001714,85,90,90
Western Sahara,89662,4769.18,52.20090373400308,90,90,90
Western Sahara,91778,10119.76,52.20126774399978,5,90,95
Western Sahara,91513,7219.41,52.20109740400221,10,90,95
Western Sahara,87886,6537.01,52.20140817399806,15,90,95
Western Sahara,84662,4616.61,52.20106258300075,20,90,95
Western Sahara,89327,8210.47,52.20112464400154,80,90,95
Western Sahara,97077,5397.92,52.20132434400148,85,90,95
Western Sahara,93245,4159.72,52.2010531929991,90,90,95
Western Sahara,93754,9068.89,52.200956743999996,5,90,100
Western Sahara,90964,7927.46,52.20076341299864,10,90,100
Western Sahara,90513,10130.19,52.201236974000494,15,90,100
Western Sahara,94432,8244.64,52.20101059400258,20,90,100
Western Sahara,90716,8639.22,52.20100419400114,80,90,100
Western Sahara,87405,5762.88,52.200842274000024,85,90,100
Western Sahara,88935,9512.73,52.20097599399742,90,90,100
Djibouti,12804,571.65,68.401376781,5,5,5
Djibouti,12737,590.94,68.40121843,10,5,5
Djibouti,13030,542.0,68.40126815899998,15,5,5
Djibouti,12801,966.23,68.40171408,20,5,5
Djibouti,12740,448.73,68.401362759,80,5,5
Djibouti,13043,346.33,68.40174909999996,85,5,5
Djibouti,13008,367.74,68.40163230999997,90,5,5
Djibouti,12902,670.79,68.40115487900005,5,5,10
Djibouti,12901,364.36,68.400970959,10,5,10
Djibouti,13054,285.42,68.40159222,15,5,10
Djibouti,12882,470.04,68.40152120900007,20,5,10
Djibouti,12986,573.95,68.40171428999997,80,5,10
Djibouti,12707,519.57,68.4019364699999,85,5,10
Djibouti,12683,555.94,68.40163631899998,90,5,10
Djibouti,12869,414.38,68.40115341899991,5,5,15
Djibouti,12832,444.39,68.40111735899995,10,5,15
Djibouti,12640,576.1,68.40161223999985,15,5,15
Djibouti,13030,313.25,68.40155191900021,20,5,15
Djibouti,12922,476.17,68.40150418899998,80,5,15
Djibouti,12838,444.46,68.40107510899998,85,5,15
Djibouti,12777,576.89,68.40171085999987,90,5,15
Djibouti,12575,485.52,68.4014781190001,5,5,20
Djibouti,12407,601.2,68.40136912000003,10,5,20
Djibouti,12509,748.7,68.40111779899985,15,5,20
Djibouti,12673,492.75,68.40119032000007,20,5,20
Djibouti,12466,385.42,68.4011916689999,80,5,20
Djibouti,12875,571.73,68.401391289,85,5,20
Djibouti,12851,560.6,68.40162422999992,90,5,20
Djibouti,10510,440.72,68.4014814090001,5,5,85
Djibouti,10584,507.2,68.40107219900028,10,5,85
Djibouti,11042,932.55,68.40152309899986,15,5,85
Djibouti,10711,561.71,68.40164813000001,20,5,85
Djibouti,10498,745.41,68.40169433900019,80,5,85
Djibouti,10561,1014.53,68.40170997999985,85,5,85
Djibouti,10852,859.26,68.40143448900017,90,5,85
Djibouti,23719,969.46,68.40151904899994,5,5,90
Djibouti,24227,867.63,68.40198477000013,10,5,90
Djibouti,24743,900.26,68.4016315189997,15,5,90
Djibouti,24329,1406.17,68.40155228000003,20,5,90
Djibouti,24182,1303.03,68.40169241000012,80,5,90
Djibouti,23880,1110.56,68.40139097899964,85,5,90
Djibouti,24088,1323.55,68.40162545000021,90,5,90
Djibouti,23903,749.11,68.40161572900024,5,5,95
Djibouti,24037,1292.32,68.40157516,10,5,95
Djibouti,24602,1446.33,68.40176405900002,15,5,95
Djibouti,23751,1136.18,68.40161889900037,20,5,95
Djibouti,24621,840.0,68.40174636000029,80,5,95
Djibouti,24090,995.57,68.40133621899986,85,5,95
Djibouti,24854,898.72,68.40115447900007,90,5,95
Djibouti,24305,818.19,68.40164327000002,5,5,100
Djibouti,24465,1001.19,68.40144067900019,10,5,100
Djibouti,23854,734.76,68.40156480999985,15,5,100
Djibouti,24019,809.26,68.40175311999974,20,5,100
Djibouti,24876,736.18,68.4015133390003,80,5,100
Djibouti,25026,1213.02,68.4012906590001,85,5,100
Djibouti,24256,955.96,68.401517969,90,5,100
Djibouti,12680,469.28,68.40122790999976,5,10,5
Djibouti,12637,477.95,68.40184295900008,10,10,5
Djibouti,12951,256.12,68.40142278799976,15,10,5
Djibouti,12647,695.71,68.4013616899997,20,10,5
Djibouti,12639,529.37,68.4018706199995,80,10,5
Djibouti,12755,415.12,68.40156144899993,85,10,5
Djibouti,12611,440.73,68.40146822999941,90,10,5
Djibouti,12775,419.02,68.40130162900005,5,10,10
Djibouti,12746,453.85,68.40170337000018,10,10,10
Djibouti,12870,397.54,68.40144707899981,15,10,10
Djibouti,12777,343.09,68.40155402900018,20,10,10
Djibouti,12777,693.12,68.40142371999991,80,10,10
Djibouti,12576,441.98,68.40165796800011,85,10,10
Djibouti,12859,447.95,68.40160010999989,90,10,10
Djibouti,12743,606.54,68.4015552789997,5,10,15
Djibouti,12682,510.76,68.40180222899926,10,10,15
Djibouti,12723,555.62,68.40143351000006,15,10,15
Djibouti,13038,463.11,68.40130439899986,20,10,15
Djibouti,12734,466.87,68.40138415900037,80,10,15
Djibouti,12679,412.76,68.40165507799975,85,10,15
Djibouti,12925,549.83,68.40167992900024,90,10,15
Djibouti,12579,619.44,68.40121014899978,5,10,20
Djibouti,12907,402.42,68.40171251999982,10,10,20
Djibouti,13007,379.9,68.40131679899969,15,10,20
Djibouti,12814,333.47,68.40126435799993,20,10,20
Djibouti,12668,445.9,68.4013159290007,80,10,20
Djibouti,12809,502.16,68.4015052499999,85,10,20
Djibouti,12747,578.07,68.40154085999984,90,10,20
Djibouti,10565,775.9,68.4016395890003,5,10,85
Djibouti,10710,668.9,68.40167236900015,10,10,85
Djibouti,10686,770.99,68.40167987000041,15,10,85
Djibouti,10729,665.1,68.4010571990002,20,10,85
Djibouti,10888,1031.45,68.40161755000008,80,10,85
Djibouti,10632,893.77,68.40166584899998,85,10,85
Djibouti,10421,767.0,68.40139358999932,90,10,85
Djibouti,23515,1705.11,68.4014916290007,5,10,90
Djibouti,23936,1511.72,68.4018008590001,10,10,90
Djibouti,23942,1400.53,68.40159433999997,15,10,90
Djibouti,24811,708.98,68.40152427900011,20,10,90
Djibouti,24140,1389.69,68.40210728900001,80,10,90
Djibouti,24429,1104.08,68.40139434899993,85,10,90
Djibouti,24486,1156.01,68.40124375899995,90,10,90
Djibouti,24444,1006.64,68.40158972999961,5,10,95
Djibouti,24306,1391.04,68.40159679899989,10,10,95
Djibouti,24345,1156.61,68.40167115900022,15,10,95
Djibouti,23604,1490.94,68.40159823000067,20,10,95
Djibouti,23801,943.29,68.40129874900049,80,10,95
Djibouti,24716,663.08,68.40164067000023,85,10,95
Djibouti,24270,681.54,68.40144440899985,90,10,95
Djibouti,24158,1282.85,68.40193576000001,5,10,100
Djibouti,23910,939.16,68.40146258999994,10,10,100
Djibouti,24701,753.2,68.40136556899961,15,10,100
Djibouti,24083,1489.36,68.40140742899985,20,10,100
Djibouti,24431,712.1,68.40158484999938,80,10,100
Djibouti,24390,1312.18,68.40140802899987,85,10,100
Djibouti,24518,810.01,68.40107172999979,90,10,100
Djibouti,13069,438.35,68.40164724900023,5,15,5
Djibouti,12756,473.83,68.40140850900025,10,15,5
Djibouti,12822,627.17,68.40118810900003,15,15,5
Djibouti,12929,424.25,68.40156420899984,20,15,5
Djibouti,12789,362.75,68.40123675900031,80,15,5
Djibouti,12929,311.85,68.40116264900007,85,15,5
Djibouti,12846,206.69,68.40155796900035,90,15,5
Djibouti,12632,620.94,68.40156161900086,5,15,10
Djibouti,12808,507.79,68.40153009999995,10,15,10
Djibouti,12875,407.68,68.40130329900057,15,15,10
Djibouti,12372,471.25,68.40157764000105,20,15,10
Djibouti,12974,272.56,68.40137667899944,80,15,10
Djibouti,12795,307.47,68.40159065999978,85,15,10
Djibouti,12768,340.76,68.40174459000082,90,15,10
Djibouti,12802,502.17,68.40152576899891,5,15,15
Djibouti,12895,494.69,68.40148582000074,10,15,15
Djibouti,12538,548.64,68.4014243090005,15,15,15
Djibouti,12760,443.4,68.40138214899889,20,15,15
Djibouti,12616,502.89,68.40159864999987,80,15,15
Djibouti,12755,631.33,68.40147257999888,85,15,15
Djibouti,12632,360.27,68.40108550900004,90,15,15
Djibouti,12793,383.45,68.40164498999911,5,15,20
Djibouti,12932,605.92,68.40124502900107,10,15,20
Djibouti,12447,440.17,68.4015357799999,15,15,20
Djibouti,12531,462.22,68.40184339900043,20,15,20
Djibouti,12823,436.96,68.40137684000001,80,15,20
Djibouti,12466,505.88,68.40141455900084,85,15,20
Djibouti,12806,376.77,68.40125766999881,90,15,20
Djibouti,11048,843.43,68.40140523899936,5,15,85
Djibouti,10681,1049.5,68.4014596399993,10,15,85
Djibouti,11250,715.81,68.40143502899991,15,15,85
Djibouti,10903,695.91,68.40152637999927,20,15,85
Djibouti,10712,963.58,68.40155675799906,80,15,85
Djibouti,10644,725.32,68.40173959999993,85,15,85
Djibouti,11225,394.28,68.40122327799872,90,15,85
Djibouti,23951,1603.49,68.40138109799955,5,15,90
Djibouti,23686,1979.48,68.40166065999983,10,15,90
Djibouti,24310,1061.11,68.40139410899974,15,15,90
Djibouti,23989,1318.17,68.40110452899899,20,15,90
Djibouti,24810,1078.16,68.40146099999947,80,15,90
Djibouti,24719,1473.88,68.40157054799965,85,15,90
Djibouti,24222,1135.15,68.40204567999899,90,15,90
Djibouti,24156,1362.89,68.40177987000061,5,15,95
Djibouti,24059,1596.53,68.40142426000057,10,15,95
Djibouti,24637,962.36,68.40152706899971,15,15,95
Djibouti,24601,767.74,68.40151805999994,20,15,95
Djibouti,23495,1383.9,68.4015486190001,80,15,95
Djibouti,24378,1017.33,68.40160092000042,85,15,95
Djibouti,24316,1003.17,68.40139503099999,90,15,95
Djibouti,24518,1119.34,68.40142776900029,5,15,100
Djibouti,24282,799.12,68.40112197900089,10,15,100
Djibouti,24354,1155.23,68.40144248899924,15,15,100
Djibouti,24872,1040.58,68.4017520010002,20,15,100
Djibouti,23120,1377.94,68.40122905899989,80,15,100
Djibouti,24331,896.05,68.40158430100018,85,15,100
Djibouti,24456,1343.13,68.40173438999955,90,15,100
Djibouti,12769,410.93,68.4016091909998,5,20,5
Djibouti,12878,535.12,68.4016706379989,10,20,5
Djibouti,12698,609.61,68.40128010899934,15,20,5
Djibouti,12853,563.7,68.40135366100003,20,20,5
Djibouti,12940,339.4,68.40162173000135,80,20,5
Djibouti,12762,445.04,68.40182128099877,85,20,5
Djibouti,12221,552.52,68.40144247600074,90,20,5
Djibouti,12848,423.21,68.4010594499996,5,20,10
Djibouti,12970,427.78,68.40144132899877,10,20,10
Djibouti,12638,643.83,68.40137997799866,15,20,10
Djibouti,12751,435.47,68.40136882700062,20,20,10
Djibouti,12652,772.32,68.40145655000015,80,20,10
Djibouti,12629,844.76,68.40122033999978,85,20,10
Djibouti,12827,692.51,68.40161124900078,90,20,10
Djibouti,12784,553.12,68.40123499000038,5,20,15
Djibouti,12731,430.83,68.40148713000053,10,20,15
Djibouti,12608,320.56,68.40140972899826,15,20,15
Djibouti,12699,787.7,68.40143293000074,20,20,15
Djibouti,12789,345.91,68.40143077999892,80,20,15
Djibouti,12434,694.36,68.40190892900137,85,20,15
Djibouti,12690,668.38,68.4013339890007,90,20,15
Djibouti,12767,624.63,68.40177878000031,5,20,20
Djibouti,12617,419.65,68.40141871000014,10,20,20
Djibouti,12785,345.46,68.40131986099914,15,20,20
Djibouti,12629,516.8,68.40135785100028,20,20,20
Djibouti,12440,432.1,68.40143685899966,80,20,20
Djibouti,12987,588.43,68.40115091900043,85,20,20
Djibouti,13136,575.32,68.40117385100166,90,20,20
Djibouti,10536,851.44,68.4014487079985,5,20,85
Djibouti,11074,907.83,68.4018781779996,10,20,85
Djibouti,11218,682.21,68.40172767999866,15,20,85
Djibouti,11236,935.81,68.40140376999989,20,20,85
Djibouti,10432,927.02,68.40165714700015,80,20,85
Djibouti,11139,704.41,68.40143827000065,85,20,85
Djibouti,10845,433.91,68.40147132899983,90,20,85
Djibouti,24004,1164.04,68.40134082799887,5,20,90
Djibouti,24715,924.28,68.4017632289997,10,20,90
Djibouti,24252,862.92,68.40124760699837,15,20,90
Djibouti,24352,1181.99,68.40163716899951,20,20,90
Djibouti,24337,787.33,68.40136045899999,80,20,90
Djibouti,24525,1049.29,68.4013860089999,85,20,90
Djibouti,24007,1744.94,68.40168788000119,90,20,90
Djibouti,23985,1022.85,68.40172472900122,5,20,95
Djibouti,23357,1303.13,68.40163036000013,10,20,95
Djibouti,24204,1287.51,68.40138249899974,15,20,95
Djibouti,23970,1498.0,68.40182649999952,20,20,95
Djibouti,23546,1387.73,68.40151660800075,80,20,95
Djibouti,23591,1676.35,68.40143012999943,85,20,95
Djibouti,24482,830.46,68.40156380100052,90,20,95
Djibouti,25086,1470.22,68.40199469099935,5,20,100
Djibouti,24702,1515.66,68.40127082100116,10,20,100
Djibouti,24234,900.08,68.40178886799913,15,20,100
Djibouti,24046,790.82,68.40137696000056,20,20,100
Djibouti,24178,1324.85,68.40147814800002,80,20,100
Djibouti,24204,1194.23,68.40202791999945,85,20,100
Djibouti,23905,1724.98,68.40098514700003,90,20,100
Djibouti,12503,591.75,68.4018218199999,5,80,5
Djibouti,12203,794.06,68.40173245799997,10,80,5
Djibouti,12482,709.06,68.40145315100017,15,80,5
Djibouti,12416,754.53,68.40184281799884,20,80,5
Djibouti,12395,479.89,68.4015599409995,80,80,5
Djibouti,12477,579.2,68.40138757800014,85,80,5
Djibouti,12738,550.54,68.4018051869989,90,80,5
Djibouti,12483,564.37,68.40161333200012,5,80,10
Djibouti,12471,606.44,68.40165987,10,80,10
Djibouti,12483,245.77,68.40135900099995,15,80,10
Djibouti,11964,424.07,68.40134433999992,20,80,10
Djibouti,12341,587.34,68.40149218099941,80,80,10
Djibouti,12188,619.04,68.40152722100174,85,80,10
Djibouti,12801,418.4,68.40170301699982,90,80,10
Djibouti,11177,662.01,68.40117232000011,5,80,15
Djibouti,11172,462.49,68.40129263999916,10,80,15
Djibouti,11637,776.57,68.40141460000086,15,80,15
Djibouti,11386,1166.35,68.40154855999936,20,80,15
Djibouti,10879,1174.75,68.40107886799888,80,80,15
Djibouti,11552,503.81,68.40152161899823,85,80,15
Djibouti,11099,876.84,68.4015240109984,90,80,15
Djibouti,10801,989.89,68.40185611999914,5,80,20
Djibouti,11484,783.74,68.40153683999961,10,80,20
Djibouti,10932,959.15,68.40125959099896,15,80,20
Djibouti,11211,669.79,68.40136846099995,20,80,20
Djibouti,11878,609.16,68.40098806099923,80,80,20
Djibouti,11410,805.96,68.40130554999996,85,80,20
Djibouti,11221,784.1,68.40145551899695,90,80,20
Djibouti,11536,819.3,68.401855291002,5,80,85
Djibouti,11446,647.93,68.40190424100001,10,80,85
Djibouti,11334,599.65,68.40195836899875,15,80,85
Djibouti,11462,783.04,68.40116190700064,20,80,85
Djibouti,11271,882.01,68.40151525100009,80,80,85
Djibouti,11619,1024.66,68.40128016000017,85,80,85
Djibouti,11573,612.29,68.40148490000138,90,80,85
Djibouti,24373,928.99,68.40148609799871,5,80,90
Djibouti,24275,1156.94,68.40145084699907,10,80,90
Djibouti,24016,1485.4,68.40108099799909,15,80,90
Djibouti,24152,1171.28,68.4013006310015,20,80,90
Djibouti,24529,1415.36,68.40189372000168,80,80,90
Djibouti,23986,1507.89,68.40152377800041,85,80,90
Djibouti,23930,1542.97,68.40183418000015,90,80,90
Djibouti,23950,1212.14,68.40176763100317,5,80,95
Djibouti,24316,1006.03,68.40122669899938,10,80,95
Djibouti,24148,1258.82,68.40182219900089,15,80,95
Djibouti,24093,1107.96,68.40144056999998,20,80,95
Djibouti,23652,863.58,68.40162787200097,80,80,95
Djibouti,24664,988.06,68.40165263900053,85,80,95
Djibouti,24460,1520.73,68.40147824000087,90,80,95
Djibouti,23609,928.08,68.40168605999861,5,80,100
Djibouti,24006,1027.54,68.40147509999952,10,80,100
Djibouti,24586,946.49,68.40189470900077,15,80,100
Djibouti,23747,1516.79,68.40175799099961,20,80,100
Djibouti,23965,818.56,68.40157533999809,80,80,100
Djibouti,24476,1502.2,68.40134000800026,85,80,100
Djibouti,24054,1421.26,68.40164949899918,90,80,100
Djibouti,12277,676.56,68.40175597999769,5,85,5
Djibouti,12404,513.8,68.40164086000004,10,85,5
Djibouti,12601,542.14,68.40163421899706,15,85,5
Djibouti,12105,579.29,68.4016746999987,20,85,5
Djibouti,12571,611.04,68.40118286099823,80,85,5
Djibouti,12425,808.75,68.40145036800095,85,85,5
Djibouti,12302,420.29,68.40165266999975,90,85,5
Djibouti,12309,717.8,68.40176027900088,5,85,10
Djibouti,12284,551.86,68.40141247000065,10,85,10
Djibouti,12641,706.88,68.4015839499989,15,85,10
Djibouti,12494,807.26,68.40163721999852,20,85,10
Djibouti,12264,795.23,68.40159999000025,80,85,10
Djibouti,12009,712.27,68.40169487800085,85,85,10
Djibouti,12635,611.13,68.40168805899884,90,85,10
Djibouti,10856,851.6,68.40161125899976,5,85,15
Djibouti,10954,922.79,68.40164569000262,10,85,15
Djibouti,11198,811.41,68.40138606800247,15,85,15
Djibouti,11061,707.41,68.4016924589996,20,85,15
Djibouti,11226,789.75,68.40141234899784,80,85,15
Djibouti,11525,756.67,68.40166737899926,85,85,15
Djibouti,10911,630.38,68.40133657700062,90,85,15
Djibouti,11683,748.28,68.40145462799774,5,85,20
Djibouti,10792,939.57,68.4015585699999,10,85,20
Djibouti,11229,443.76,68.40077982500225,15,85,20
Djibouti,10664,716.23,68.40158790100031,20,85,20
Djibouti,10360,933.05,68.40149626800121,80,85,20
Djibouti,11300,982.97,68.40148707899789,85,85,20
Djibouti,11395,701.45,68.40123618899815,90,85,20
Djibouti,11230,957.49,68.40139734900004,5,85,85
Djibouti,11252,845.02,68.40179531099784,10,85,85
Djibouti,10973,497.49,68.40181221899911,15,85,85
Djibouti,11730,773.67,68.40162875799797,20,85,85
Djibouti,11619,1047.45,68.40145892099827,80,85,85
Djibouti,11808,608.32,68.40114942999935,85,85,85
Djibouti,11209,525.32,68.40181137000036,90,85,85
Djibouti,23843,1014.57,68.40141727000082,5,85,90
Djibouti,24101,1249.75,68.40169508899999,10,85,90
Djibouti,23586,1001.74,68.40136724100012,15,85,90
Djibouti,24527,1455.52,68.40128828700108,20,85,90
Djibouti,24032,822.59,68.40158212799724,80,85,90
Djibouti,24307,859.06,68.40174209999896,85,85,90
Djibouti,24050,1150.14,68.40177037900139,90,85,90
Djibouti,24240,1290.09,68.40125648899993,5,85,95
Djibouti,23811,1392.39,68.40161587799957,10,85,95
Djibouti,24031,1269.41,68.4014409090014,15,85,95
Djibouti,24618,1006.4,68.4016484299973,20,85,95
Djibouti,24579,751.28,68.40151183700073,80,85,95
Djibouti,24244,1275.89,68.4015414610003,85,85,95
Djibouti,24169,936.0,68.40107295100097,90,85,95
Djibouti,23856,1289.91,68.40204540900231,5,85,100
Djibouti,24240,991.06,68.4014267800012,10,85,100
Djibouti,24282,811.64,68.40145428899996,15,85,100
Djibouti,24065,1304.19,68.40163091900104,20,85,100
Djibouti,24275,1433.86,68.40142256999752,80,85,100
Djibouti,23798,1184.16,68.40154241900018,85,85,100
Djibouti,24746,1004.25,68.4018181600004,90,85,100
Djibouti,11264,1008.28,68.40175561000069,5,90,5
Djibouti,11132,595.89,68.40148036900064,10,90,5
Djibouti,11315,673.26,68.40135098800238,15,90,5
Djibouti,11615,996.0,68.40126270900146,20,90,5
Djibouti,11478,542.16,68.40145312800087,80,90,5
Djibouti,10990,855.31,68.40112791000138,85,90,5
Djibouti,11407,1012.36,68.4011273899996,90,90,5
Djibouti,11481,524.23,68.40148038799816,5,90,10
Djibouti,11535,1094.18,68.40165734000038,10,90,10
Djibouti,12001,828.04,68.40148992000104,15,90,10
Djibouti,11685,732.12,68.40157896999881,20,90,10
Djibouti,11012,622.25,68.40151875000083,80,90,10
Djibouti,11401,1032.96,68.40143008000086,85,90,10
Djibouti,11127,1177.28,68.40137096899707,90,90,10
Djibouti,11112,1032.44,68.40147393000007,5,90,15
Djibouti,11154,681.84,68.40093291700032,10,90,15
Djibouti,11517,734.87,68.40134638000018,15,90,15
Djibouti,10605,648.5,68.40145643800133,20,90,15
Djibouti,11636,611.66,68.40135878100045,80,90,15
Djibouti,10869,786.84,68.40175802799786,85,90,15
Djibouti,11217,1122.03,68.4015139080002,90,90,15
Djibouti,11903,652.43,68.40177836899966,5,90,20
Djibouti,11290,1038.98,68.40140468000027,10,90,20
Djibouti,11246,929.73,68.40134564799882,15,90,20
Djibouti,11625,660.99,68.40143410000019,20,90,20
Djibouti,11539,562.84,68.40166437999869,80,90,20
Djibouti,10390,926.12,68.40123543899972,85,90,20
Djibouti,10785,941.33,68.40133828699982,90,90,20
Djibouti,11228,689.44,68.40167521900003,5,90,85
Djibouti,11693,728.19,68.40117950000058,10,90,85
Djibouti,11577,461.0,68.40133236799738,15,90,85
Djibouti,11578,675.82,68.40133098899969,20,90,85
Djibouti,11636,550.42,68.4015818480002,80,90,85
Djibouti,11592,852.51,68.40175889099919,85,90,85
Djibouti,11471,710.52,68.40143887999875,90,90,85
Djibouti,24425,934.82,68.40131378799924,5,90,90
Djibouti,24173,910.55,68.40158586799953,10,90,90
Djibouti,24431,1133.64,68.40137385799972,15,90,90
Djibouti,23766,1309.96,68.40149612999812,20,90,90
Djibouti,24536,957.74,68.4012894189982,80,90,90
Djibouti,23462,1293.14,68.40159643000152,85,90,90
Djibouti,23904,750.19,68.40152332900107,90,90,90
Djibouti,24113,1139.35,68.40153952900073,5,90,95
Djibouti,24371,594.67,68.40153004999956,10,90,95
Djibouti,24683,1144.01,68.4017279389991,15,90,95
Djibouti,23962,688.53,68.40186975100005,20,90,95
Djibouti,23622,1191.55,68.40133984700151,80,90,95
Djibouti,24603,916.3,68.40181756799939,85,90,95
Djibouti,23734,1208.52,68.40156270799707,90,90,95
Djibouti,24425,1379.35,68.40151693900043,5,90,100
Djibouti,24434,1332.43,68.40126599900032,10,90,100
Djibouti,24464,1118.51,68.4016493199997,15,90,100
Djibouti,24363,1215.75,68.40164469899901,20,90,100
Djibouti,23939,1115.02,68.40153845900204,80,90,100
Djibouti,24743,1134.38,68.40139479999925,85,90,100
Djibouti,24297,1246.81,68.40151922900259,90,90,100
Qatar,47131,1154.97,349.218001335,5,5,5
Qatar,47746,1603.44,349.21492735,10,5,5
Qatar,47359,846.29,349.216018654,15,5,5
Qatar,47663,1068.67,349.2173449879999,20,5,5
Qatar,47674,846.02,349.21667370299997,80,5,5
Qatar,47002,976.2,349.22092456200016,85,5,5
Qatar,47930,1149.31,349.21258212400016,90,5,5
Qatar,47691,1030.27,349.21458540599997,5,5,10
Qatar,47113,1523.62,349.2173467159996,10,5,10
Qatar,47731,1088.47,349.2234449530001,15,5,10
Qatar,47370,930.96,349.21882548799977,20,5,10
Qatar,47459,1952.17,349.2119788330001,80,5,10
Qatar,46800,1190.07,349.2170106780004,85,5,10
Qatar,47076,858.21,349.2214632340001,90,5,10
Qatar,47916,1080.95,349.2134737719998,5,5,15
Qatar,47967,1330.18,349.2169180769997,10,5,15
Qatar,47795,1207.66,349.21411593599987,15,5,15
Qatar,47414,935.33,349.22073531099977,20,5,15
Qatar,47349,1296.45,349.2240869850002,80,5,15
Qatar,46664,2296.83,349.2182431250003,85,5,15
Qatar,46942,1692.64,349.2212137180004,90,5,15
Qatar,47462,1284.08,349.2130468710002,5,5,20
Qatar,47411,1240.37,349.2179109030003,10,5,20
Qatar,47637,1122.54,349.2176256699995,15,5,20
Qatar,47606,1095.8,349.21235834899926,20,5,20
Qatar,47286,1326.51,349.2169601360001,80,5,20
Qatar,47441,1183.73,349.21883493899986,85,5,20
Qatar,47565,1325.12,349.2202923069999,90,5,20
Qatar,46280,1912.46,349.2233065550008,5,5,85
Qatar,47644,1213.09,349.21374132300116,10,5,85
Qatar,47366,1558.22,349.21348629600107,15,5,85
Qatar,47309,2043.01,349.217717380001,20,5,85
Qatar,46192,1749.56,349.20988422499977,80,5,85
Qatar,47404,1376.68,349.2157711139989,85,5,85
Qatar,47074,1356.7,349.221528991,90,5,85
Qatar,46778,1162.12,349.2216230470003,5,5,90
Qatar,47498,824.2,349.21670901700054,10,5,90
Qatar,47236,1049.64,349.221727483,15,5,90
Qatar,47941,870.14,349.22155558100167,20,5,90
Qatar,47928,1391.4,349.21971110900085,80,5,90
Qatar,47582,1328.75,349.21893898300004,85,5,90
Qatar,47365,1081.18,349.21759406800084,90,5,90
Qatar,86587,1755.09,349.2174443669992,5,5,95
Qatar,86711,2276.74,349.22195921300045,10,5,95
Qatar,85861,2715.44,349.21915430900117,15,5,95
Qatar,87028,1668.42,349.2191377069994,20,5,95
Qatar,87275,1656.06,349.2218715240015,80,5,95
Qatar,87168,1230.47,349.2173626429976,85,5,95
Qatar,86615,1799.05,349.218669058002,90,5,95
Qatar,87394,1780.85,349.21652856799847,5,5,100
Qatar,86304,1595.73,349.2250974439994,10,5,100
Qatar,85841,2214.14,349.21892208600184,15,5,100
Qatar,86948,1492.98,349.219704526,20,5,100
Qatar,86789,1880.42,349.2161153369998,80,5,100
Qatar,86577,1254.95,349.22087065099913,85,5,100
Qatar,85918,1324.04,349.2152651789984,90,5,100
Qatar,47954,1422.08,349.22091437700146,5,10,5
Qatar,47225,1331.01,349.21849395499885,10,10,5
Qatar,47944,1561.05,349.2167836640001,15,10,5
Qatar,47087,1893.37,349.2221813069991,20,10,5
Qatar,48182,1449.93,349.2194957000029,80,10,5
Qatar,47461,755.86,349.2197406849991,85,10,5
Qatar,47460,1371.28,349.2197169329993,90,10,5
Qatar,47439,1297.45,349.2167709400019,5,10,10
Qatar,47612,876.38,349.22111988599863,10,10,10
Qatar,47436,1777.39,349.2196636300032,15,10,10
Qatar,47891,960.4,349.2208271339987,20,10,10
Qatar,48255,690.74,349.21867452399965,80,10,10
Qatar,47699,784.51,349.21752907799964,85,10,10
Qatar,47908,986.46,349.2225722660005,90,10,10
Qatar,47070,1669.13,349.21914576799827,5,10,15
Qatar,48077,1021.71,349.21287391400256,10,10,15
Qatar,48135,1317.62,349.219268629,15,10,15
Qatar,47340,1287.98,349.2208680629992,20,10,15
Qatar,48019,794.17,349.2191293210017,80,10,15
Qatar,47005,1328.41,349.2153827840011,85,10,15
Qatar,47719,892.89,349.2244855070021,90,10,15
Qatar,47395,943.32,349.21480777800025,5,10,20
Qatar,47326,980.42,349.2219676349996,10,10,20
Qatar,47102,888.9,349.22179326199694,15,10,20
Qatar,47597,1120.24,349.2249911969993,20,10,20
Qatar,47416,1350.72,349.2198108880002,80,10,20
Qatar,46910,1349.0,349.2175416379978,85,10,20
Qatar,47341,1049.77,349.2149649380008,90,10,20
Qatar,45880,1945.7,349.21872990200063,5,10,85
Qatar,47103,1826.2,349.22048752400224,10,10,85
Qatar,46423,1797.76,349.2201351800031,15,10,85
Qatar,45656,1946.27,349.21997620299953,20,10,85
Qatar,47374,1914.88,349.21895565999876,80,10,85
Qatar,46157,2401.89,349.2173182379993,85,10,85
Qatar,46120,2500.73,349.21534901799896,90,10,85
Qatar,47910,1454.33,349.22016503099803,5,10,90
Qatar,47948,841.63,349.21628829999827,10,10,90
Qatar,47412,1397.13,349.216252557002,15,10,90
Qatar,47657,872.55,349.21380795599543,20,10,90
Qatar,47599,1446.15,349.2198450920041,80,10,90
Qatar,47948,932.09,349.22051487799763,85,10,90
Qatar,47405,773.63,349.21644869900047,90,10,90
Qatar,86962,1368.64,349.21420046599815,5,10,95
Qatar,85744,2253.64,349.22274861500046,10,10,95
Qatar,86112,2842.35,349.2210179419999,15,10,95
Qatar,86945,1453.32,349.2177630899969,20,10,95
Qatar,86912,2353.53,349.2221829159971,80,10,95
Qatar,85482,2111.55,349.2144949949943,85,10,95
Qatar,86713,1410.25,349.2234042249984,90,10,95
Qatar,85336,1889.85,349.21945204099757,5,10,100
Qatar,86286,2909.95,349.2274365350022,10,10,100
Qatar,85749,1668.37,349.21804772999894,15,10,100
Qatar,86617,2229.71,349.21967266999854,20,10,100
Qatar,86816,2020.57,349.22431745500216,80,10,100
Qatar,85542,2084.58,349.2209572159991,85,10,100
Qatar,86955,1482.34,349.22166306299914,90,10,100
Qatar,47254,1201.68,349.220213162007,5,15,5
Qatar,48207,598.38,349.22462477500085,10,15,5
Qatar,47950,472.04,349.2234361899973,15,15,5
Qatar,47434,1021.07,349.21483728900057,20,15,5
Qatar,48067,746.29,349.2166027860003,80,15,5
Qatar,47946,675.27,349.2194025139979,85,15,5
Qatar,47717,789.7,349.2214001370012,90,15,5
Qatar,46380,1609.41,349.21868402600376,5,15,10
Qatar,47096,1439.48,349.21804559100565,10,15,10
Qatar,47672,1427.19,349.21478145000583,15,15,10
Qatar,47370,457.68,349.214685465995,20,15,10
Qatar,47646,1494.53,349.21959156900266,80,15,10
Qatar,47701,1047.42,349.2163254920015,85,15,10
Qatar,46399,1799.46,349.21589487099845,90,15,10
Qatar,47846,1141.91,349.2182234830034,5,15,15
Qatar,46962,1307.01,349.21797818699997,10,15,15
Qatar,48401,685.56,349.21778606800217,15,15,15
Qatar,47629,1524.61,349.2168692780033,20,15,15
Qatar,47697,1354.52,349.2172586489978,80,15,15
Qatar,47307,1314.28,349.2171873349944,85,15,15
Qatar,47323,898.3,349.2191033690033,90,15,15
Qatar,47466,1423.66,349.22151034099807,5,15,20
Qatar,47306,1378.82,349.21427343899995,10,15,20
Qatar,47950,1451.66,349.2141193879943,15,15,20
Qatar,47036,1234.92,349.2150763960017,20,15,20
Qatar,46994,628.86,349.21274207699753,80,15,20
Qatar,46738,1382.54,349.2158589729952,85,15,20
Qatar,47253,1647.62,349.2103277089991,90,15,20
Qatar,46780,1873.63,349.2143059769951,5,15,85
Qatar,46277,2361.94,349.218804148004,10,15,85
Qatar,46188,1880.58,349.21939471299993,15,15,85
Qatar,47639,1871.64,349.2229256030041,20,15,85
Qatar,47474,1693.35,349.2109428830008,80,15,85
Qatar,46844,1665.06,349.2160307630038,85,15,85
Qatar,46870,2980.92,349.2191247230003,90,15,85
Qatar,47764,921.88,349.2139608850048,5,15,90
Qatar,47094,1710.96,349.21980260800046,10,15,90
Qatar,48401,696.46,349.21834481499536,15,15,90
Qatar,47918,873.35,349.2142655400021,20,15,90
Qatar,47839,690.67,349.214499491005,80,15,90
Qatar,47482,839.66,349.21541796399833,85,15,90
Qatar,47869,1092.93,349.224726911998,90,15,90
Qatar,87433,1500.95,349.22237426799984,5,15,95
Qatar,86493,1836.17,349.21835926699714,10,15,95
Qatar,86616,1479.22,349.21855062300165,15,15,95
Qatar,86317,2356.66,349.2164377379959,20,15,95
Qatar,86728,1189.8,349.21738899799675,80,15,95
Qatar,85340,2518.92,349.2198510870003,85,15,95
Qatar,87064,2365.63,349.2204287249988,90,15,95
Qatar,86096,2133.23,349.21408973600046,5,15,100
Qatar,86995,1940.38,349.2216948310015,10,15,100
Qatar,86366,2006.72,349.2168996649998,15,15,100
Qatar,87175,2166.82,349.2118707460031,20,15,100
Qatar,86831,1684.35,349.2154389619973,80,15,100
Qatar,85722,1762.66,349.22080925200135,85,15,100
Qatar,86681,1724.78,349.2249279270036,90,15,100
Qatar,47082,1032.51,349.2157260380045,5,20,5
Qatar,47991,753.19,349.2139257050003,10,20,5
Qatar,47972,836.45,349.2176260720007,15,20,5
Qatar,47909,961.01,349.21704748400225,20,20,5
Qatar,47297,1861.89,349.2141722400047,80,20,5
Qatar,48282,1059.56,349.21645675400214,85,20,5
Qatar,47323,1355.0,349.22016718899977,90,20,5
Qatar,47771,1179.47,349.2175854590023,5,20,10
Qatar,47841,1165.19,349.2152095889978,10,20,10
Qatar,46711,1479.05,349.2143910980012,15,20,10
Qatar,47513,1175.63,349.22087878599996,20,20,10
Qatar,47064,1599.07,349.2204063040044,80,20,10
Qatar,48235,656.09,349.2228411859978,85,20,10
Qatar,47943,1246.82,349.2191711619962,90,20,10
Qatar,47519,1190.35,349.2116677570011,5,20,15
Qatar,46839,1960.61,349.2134351529967,10,20,15
Qatar,46549,1514.39,349.21526506100054,15,20,15
Qatar,47218,1593.56,349.22067142200103,20,20,15
Qatar,47338,1197.14,349.220932627999,80,20,15
Qatar,46940,1650.37,349.2140428829953,85,20,15
Qatar,47172,1000.66,349.2230679429922,90,20,15
Qatar,47683,1210.3,349.21484798200254,5,20,20
Qatar,46896,1335.27,349.2176708189945,10,20,20
Qatar,47208,1142.79,349.219803082,15,20,20
Qatar,47638,1108.03,349.21557259600377,20,20,20
Qatar,47273,1456.56,349.22021943599975,80,20,20
Qatar,47539,1005.13,349.21603626599244,85,20,20
Qatar,47512,1522.68,349.2172873850068,90,20,20
Qatar,47327,1022.23,349.2222360250016,5,20,85
Qatar,46724,2096.71,349.21474814899557,10,20,85
Qatar,47529,1582.39,349.2201058299979,15,20,85
Qatar,46847,1465.65,349.2227661509969,20,20,85
Qatar,46176,2707.63,349.21879592799814,80,20,85
Qatar,46669,1927.72,349.22033749900584,85,20,85
Qatar,45790,1829.82,349.2177713919955,90,20,85
Qatar,47618,1136.43,349.218926800997,5,20,90
Qatar,47119,1445.79,349.2168987199984,10,20,90
Qatar,47514,750.93,349.2250256469997,15,20,90
Qatar,47110,1172.42,349.21797075100767,20,20,90
Qatar,47341,1683.33,349.22117445799813,80,20,90
Qatar,47690,957.23,349.22193034099473,85,20,90
Qatar,46901,1076.89,349.214735985006,90,20,90
Qatar,86480,1704.32,349.2155203380098,5,20,95
Qatar,87518,2549.3,349.2154937879968,10,20,95
Qatar,85815,1668.56,349.2176479799964,15,20,95
Qatar,87199,1296.36,349.21596475699334,20,20,95
Qatar,86266,2628.21,349.2185935410089,80,20,95
Qatar,86034,1940.89,349.2173012379935,85,20,95
Qatar,86502,1215.77,349.21821426700626,90,20,95
Qatar,87095,2521.88,349.2220728030079,5,20,100
Qatar,86688,950.75,349.222009324003,10,20,100
Qatar,85944,958.14,349.21282931200403,15,20,100
Qatar,85401,1123.33,349.22177684199414,20,20,100
Qatar,86217,2033.62,349.21903833300166,80,20,100
Qatar,87033,1678.11,349.2192575090012,85,20,100
Qatar,85179,2058.41,349.21712881099666,90,20,100
Qatar,47885,1197.84,349.21914509299677,5,80,5
Qatar,47892,790.82,349.21369509299984,10,80,5
Qatar,48215,700.04,349.2198838900076,15,80,5
Qatar,47679,1561.7,349.2223000800004,20,80,5
Qatar,47596,1644.08,349.2139774910029,80,80,5
Qatar,46354,2090.31,349.2204855279997,85,80,5
Qatar,47286,1298.84,349.222022492002,90,80,5
Qatar,46968,1107.19,349.21832697000355,5,80,10
Qatar,46890,1727.0,349.21989450399997,10,80,10
Qatar,47556,1238.21,349.2205995450058,15,80,10
Qatar,46318,1795.16,349.224767814012,20,80,10
Qatar,46686,2168.3,349.2151962189964,80,80,10
Qatar,47580,1954.94,349.2209033789986,85,80,10
Qatar,46326,1808.13,349.2202786140115,90,80,10
Qatar,46264,2745.08,349.21933669099235,5,80,15
Qatar,45383,3279.61,349.2227318940131,10,80,15
Qatar,45874,2731.29,349.2198533900082,15,80,15
Qatar,45439,3626.58,349.21464276799816,20,80,15
Qatar,46788,2830.41,349.2197090629925,80,80,15
Qatar,45494,3223.89,349.2189156680106,85,80,15
Qatar,45090,3224.14,349.21740037199925,90,80,15
Qatar,45942,3470.81,349.22042051200697,5,80,20
Qatar,44590,4590.26,349.2148079609906,10,80,20
Qatar,45646,3165.21,349.2215288459993,15,80,20
Qatar,44221,3284.17,349.216879760992,20,80,20
Qatar,45760,3232.46,349.217460949003,80,80,20
Qatar,45246,2915.25,349.2168118440022,85,80,20
Qatar,45853,3244.33,349.2154367589974,90,80,20
Qatar,46732,1377.86,349.2134052790061,5,80,85
Qatar,48070,791.92,349.2166844000021,10,80,85
Qatar,47805,1380.61,349.223807012997,15,80,85
Qatar,45879,2588.97,349.2197999560012,20,80,85
Qatar,48014,1156.92,349.22255448499345,80,80,85
Qatar,47378,2417.63,349.217174409001,85,80,85
Qatar,47070,2047.61,349.2140935520001,90,80,85
Qatar,47668,980.64,349.2225221539993,5,80,90
Qatar,48110,948.4,349.2210644459992,10,80,90
Qatar,47562,1229.04,349.2183026920102,15,80,90
Qatar,47936,898.5,349.2149035050097,20,80,90
Qatar,48070,818.06,349.214783857009,80,80,90
Qatar,47519,1082.16,349.2151229949959,85,80,90
Qatar,46570,1589.43,349.2166095709981,90,80,90
Qatar,85505,1973.54,349.21112966699,5,80,95
Qatar,86621,1714.52,349.21998072399583,10,80,95
Qatar,87880,1501.97,349.2174933579954,15,80,95
Qatar,87217,1202.83,349.2162632219988,20,80,95
Qatar,86300,2561.58,349.219231776995,80,80,95
Qatar,86291,1100.61,349.21515465799894,85,80,95
Qatar,87410,1976.73,349.2100720319868,90,80,95
Qatar,86842,1790.77,349.2238055120106,5,80,100
Qatar,86801,2445.09,349.2212773769861,10,80,100
Qatar,86311,1587.8,349.22274439600005,15,80,100
Qatar,86832,2268.97,349.2169263679971,20,80,100
Qatar,86404,2078.83,349.2148005380004,80,80,100
Qatar,85820,1261.08,349.2158676270046,85,80,100
Qatar,86676,1170.58,349.2177948030003,90,80,100
Qatar,47345,1810.25,349.21697710000444,5,85,5
Qatar,46866,2047.59,349.2241362479981,10,85,5
Qatar,47513,1146.4,349.21968720799487,15,85,5
Qatar,47388,2030.96,349.2116846539866,20,85,5
Qatar,47765,1399.6,349.2161368800007,80,85,5
Qatar,47112,2278.92,349.22657593298936,85,85,5
Qatar,47256,2002.89,349.2222548209975,90,85,5
Qatar,47487,1788.46,349.21780471999955,5,85,10
Qatar,46110,1361.8,349.2194159619976,10,85,10
Qatar,46857,2411.88,349.2148911080003,15,85,10
Qatar,46806,2233.28,349.21431630299776,20,85,10
Qatar,46702,1582.42,349.21822572399105,80,85,10
Qatar,47215,1533.64,349.2191978109913,85,85,10
Qatar,48526,1050.69,349.2136094489979,90,85,10
Qatar,45647,3835.41,349.21842797000136,5,85,15
Qatar,46545,2582.8,349.219719308996,10,85,15
Qatar,44484,4485.11,349.21232460699684,15,85,15
Qatar,46488,2777.3,349.22229028400034,20,85,15
Qatar,44911,3271.39,349.2216173439956,80,85,15
Qatar,43811,2822.47,349.21763165999437,85,85,15
Qatar,45320,3390.03,349.2230458519916,90,85,15
Qatar,44299,3454.84,349.22215490099916,5,85,20
Qatar,44636,3360.21,349.21868609500234,10,85,20
Qatar,45126,3687.49,349.2195940550009,15,85,20
Qatar,44478,2419.48,349.2152608829929,20,85,20
Qatar,46972,2075.54,349.2144568090007,80,85,20
Qatar,44479,3392.77,349.2126770729956,85,85,20
Qatar,43872,3207.81,349.22163978699245,90,85,20
Qatar,46913,2004.31,349.2165950040071,5,85,85
Qatar,47473,1202.74,349.2212322310079,10,85,85
Qatar,47037,1590.61,349.2191899400059,15,85,85
Qatar,47562,1648.28,349.216683170991,20,85,85
Qatar,47864,798.65,349.2192884119868,80,85,85
Qatar,47106,1909.27,349.21398206500453,85,85,85
Qatar,46619,1723.6,349.2179412400001,90,85,85
Qatar,48269,753.99,349.21645350698964,5,85,90
Qatar,48235,1030.28,349.2170960270014,10,85,90
Qatar,48069,837.98,349.2154572909931,15,85,90
Qatar,47206,1314.03,349.22242974099936,20,85,90
Qatar,47957,739.02,349.2172714199987,80,85,90
Qatar,48053,558.7,349.2162881599943,85,85,90
Qatar,47535,1348.17,349.2200760739943,90,85,90
Qatar,86832,1822.12,349.2228241539997,5,85,95
Qatar,86897,1485.62,349.22402263700496,10,85,95
Qatar,86281,1836.63,349.21978731000854,15,85,95
Qatar,87473,1152.12,349.21823229700385,20,85,95
Qatar,86260,1755.9,349.2207697919948,80,85,95
Qatar,87685,1113.6,349.21805256399966,85,85,95
Qatar,86420,1972.47,349.2170721279981,90,85,95
Qatar,86324,2030.03,349.2163836030086,5,85,100
Qatar,86709,1936.28,349.2190639210021,10,85,100
Qatar,86575,2360.2,349.21860839999863,15,85,100
Qatar,86374,1576.75,349.20923334099643,20,85,100
Qatar,87896,1577.77,349.2211974429956,80,85,100
Qatar,87479,843.45,349.22088011499727,85,85,100
Qatar,87038,2297.28,349.2241175999952,90,85,100
Qatar,48686,688.95,349.21810192099656,5,90,5
Qatar,46695,2448.67,349.21554214500065,10,90,5
Qatar,47402,1813.98,349.22357290799846,15,90,5
Qatar,47900,764.16,349.22139980200154,20,90,5
Qatar,47969,1659.94,349.21986423000635,80,90,5
Qatar,46939,2666.59,349.21815687099297,85,90,5
Qatar,48228,977.77,349.2178033399978,90,90,5
Qatar,44828,3127.78,349.21524014600436,5,90,10
Qatar,45178,3582.65,349.223238674007,10,90,10
Qatar,46848,2645.58,349.22130663099233,15,90,10
Qatar,46655,2753.82,349.2238658670103,20,90,10
Qatar,46006,2590.85,349.22117468599754,80,90,10
Qatar,45784,3294.84,349.2169895370025,85,90,10
Qatar,47493,2035.14,349.21474716199737,90,90,10
Qatar,44548,4401.62,349.2204838100006,5,90,15
Qatar,44966,3979.22,349.217981349997,10,90,15
Qatar,46353,3348.35,349.22235779500625,15,90,15
Qatar,46078,2851.65,349.2209126329981,20,90,15
Qatar,44508,4088.91,349.2166572670103,80,90,15
Qatar,44455,4014.65,349.21426727299695,85,90,15
Qatar,43889,3660.99,349.21447674899537,90,90,15
Qatar,45909,3570.23,349.2220622760069,5,90,20
Qatar,46057,3203.81,349.2142736920068,10,90,20
Qatar,42983,4021.21,349.2138959159929,15,90,20
Qatar,45352,4008.95,349.2156876880035,20,90,20
Qatar,45181,3667.87,349.2190665310045,80,90,20
Qatar,43515,3338.68,349.2165074950026,85,90,20
Qatar,45800,3037.43,349.21501287700085,90,90,20
Qatar,46181,2120.64,349.2137874470063,5,90,85
Qatar,47684,1277.89,349.2206260509993,10,90,85
Qatar,47757,1038.04,349.22143127198797,15,90,85
Qatar,46596,1612.68,349.21725489800156,20,90,85
Qatar,47457,1762.59,349.22038963199884,80,90,85
Qatar,48077,1025.97,349.21735395499854,85,90,85
Qatar,47761,609.23,349.2157050399983,90,90,85
Qatar,47220,1205.74,349.22037612799613,5,90,90
Qatar,47189,1589.05,349.21835474300315,10,90,90
Qatar,48126,797.72,349.2165499669936,15,90,90
Qatar,47004,970.46,349.2172708880098,20,90,90
Qatar,46733,1255.15,349.2186401630024,80,90,90
Qatar,47070,1748.27,349.2190208309912,85,90,90
Qatar,47652,805.1,349.215701522975,90,90,90
Qatar,85893,2253.14,349.22269786399556,5,90,95
Qatar,86739,1742.02,349.22130342700984,10,90,95
Qatar,87359,1508.25,349.2128380530048,15,90,95
Qatar,87218,1774.85,349.22402530899853,20,90,95
Qatar,87412,2106.26,349.21825190100935,80,90,95
Qatar,86036,1248.46,349.22117073001573,85,90,95
Qatar,86874,2263.93,349.21656037599314,90,90,95
Qatar,87062,1803.44,349.22194674098864,5,90,100
Qatar,87232,2167.3,349.2200032850087,10,90,100
Qatar,86315,1160.13,349.2207540780073,15,90,100
Qatar,86497,1937.08,349.2194150080031,20,90,100
Qatar,86517,1667.68,349.2217240530008,80,90,100
Qatar,86186,1515.85,349.2190121609892,85,90,100
Qatar,86333,1101.9,349.2170512629964,90,90,100
Uruguay,978336,14598.78,1762.172542131,15,90,20
Uruguay,989084,5721.86,1762.051722955,80,5,20
Uruguay,988637,10178.26,1762.0626040020002,85,15,100
Uruguay,984188,11347.52,1761.8817994909996,80,85,20
Uruguay,988784,4838.68,1762.2580866950002,5,15,20
Uruguay,985566,9634.56,1762.0003697529992,5,20,100
Uruguay,980362,14051.99,1762.0917853789997,15,90,20
Uruguay,984081,16840.54,1762.0407656330008,15,80,10
Uruguay,986368,12067.23,1762.0131593919996,80,85,100
Zimbabwe,1028823,15929.07,2230.2646602019977,15,90,20
Zimbabwe,1032697,15474.39,2230.4539683449984,80,5,20
Zimbabwe,1032751,17907.66,2230.320132449997,85,15,100
Zimbabwe,1038112,12897.05,2230.311865822001,80,85,20
Zimbabwe,1025198,14420.12,2230.258012497001,5,15,20
Zimbabwe,1039316,11164.7,2230.3456569150003,5,20,100
Zimbabwe,1033996,12443.51,2230.453926975999,15,90,20
Zimbabwe,1037605,8785.41,2230.432364014003,15,80,10
Zimbabwe,1041442,10158.1,2230.3693630740017,80,85,100